,SVM_prediction
0,1
1,0
2,0
3,1
4,1
5,1
6,0
7,0
8,1
9,1
10,0
11,0
12,0
13,0
14,0
15,1
16,0
17,1
18,0
19,0
20,0
21,0
22,1
23,1
24,0
25,1
26,1
27,0
28,1
29,0
30,1
31,1
32,1
33,1
34,1
35,1
36,0
37,1
38,1
39,1
40,1
41,0
42,0
43,1
44,1
45,0
46,0
47,1
48,0
49,1
50,0
51,1
52,1
53,0
54,1
55,0
56,0
57,1
58,1
59,0
60,0
61,1
62,0
63,1
64,0
65,0
66,0
67,1
68,0
69,1
70,0
71,0
72,1
73,0
74,1
75,1
76,1
77,0
78,0
79,1
80,1
81,1
82,1
83,1
84,1
85,0
86,1
87,1
88,0
89,1
90,0
91,0
92,1
93,1
94,1
95,0
96,1
97,0
98,0
99,0
100,1
101,1
102,1
103,0
104,0
105,1
106,1
107,0
108,1
109,1
110,0
111,1
112,1
113,1
114,1
115,0
116,0
117,0
118,0
119,0
120,0
121,1
122,1
123,0
124,1
125,1
126,1
127,0
128,1
129,0
130,1
131,1
132,0
133,1
134,1
135,0
136,1
137,1
138,0
139,1
140,1
141,1
142,1
143,1
144,0
145,0
146,1
147,1
148,1
149,0
150,1
151,1
152,1
153,0
154,1
155,1
156,0
157,1
158,0
159,1
160,0
161,0
162,1
163,1
164,1
165,0
166,0
167,0
168,0
169,0
170,0
171,1
172,1
173,0
174,1
175,0
176,0
177,1
178,1
179,0
180,1
181,1
182,0
183,1
184,0
185,1
186,1
187,1
188,0
189,0
190,1
191,0
192,1
193,1
194,1
195,0
196,1
197,0
198,0
199,1
200,0
201,0
202,0
203,1
204,1
205,0
206,0
207,1
208,1
209,1
210,1
211,1
212,0
213,1
214,0
215,1
216,0
217,0
218,0
219,1
220,0
221,0
222,1
223,0
224,0
225,0
226,0
227,0
228,0
229,1
230,0
231,0
232,0
233,1
234,0
235,1
236,0
237,1
238,1
239,0
240,0
241,0
242,0
243,0
244,1
245,0
246,0
247,0
248,0
249,1
250,0
251,0
252,0
253,0
254,0
255,1
256,1
257,1
258,1
259,1
260,0
261,0
262,1
263,1
264,0
265,0
266,1
267,0
268,0
269,0
270,1
271,0
272,0
273,1
274,1
275,0
276,1
277,1
278,0
279,1
280,0
281,0
282,1
283,0
284,0
285,0
286,1
287,1
288,0
289,0
290,0
291,1
292,0
293,0
294,1
295,1
296,1
297,0
298,1
299,1
300,1
301,1
302,0
303,1
304,1
305,1
306,0
307,0
308,0
309,0
310,1
311,0
312,0
313,1
314,0
315,1
316,0
317,1
318,0
319,0
320,0
321,1
322,1
323,1
324,0
325,1
326,1
327,0
328,1
329,0
330,0
331,0
332,0
333,0
334,1
335,0
336,0
337,1
338,1
339,1
340,0
341,0
342,1
343,0
344,0
345,1
346,1
347,0
348,1
349,0
350,1
351,1
352,0
353,0
354,0
355,0
356,1
357,0
358,0
359,0
360,1
361,0
362,0
363,0
364,0
365,0
366,0
367,1
368,0
369,0
370,0
371,1
372,0
373,0
374,1
375,1
376,0
377,1
378,0
379,0
380,0
381,0
382,1
383,1
384,0
385,0
386,1
387,0
388,0
389,0
390,0
391,0
392,0
393,1
394,0
395,0
396,0
397,0
398,1
399,0
400,0
401,0
402,1
403,1
404,0
405,0
406,0
407,0
408,0
409,1
410,0
411,0
412,0
413,0
414,1
415,1
416,0
417,1
418,0
419,0
420,0
421,1
422,1
423,1
424,0
425,0
426,0
427,1
428,1
429,1
430,0
431,0
432,0
433,1
434,1
435,0
436,0
437,1
438,0
439,1
440,1
441,0
442,0
443,0
444,0
445,1
446,1
447,1
448,1
449,0
450,0
451,0
452,0
453,1
454,1
455,1
456,0
457,0
458,0
459,0
460,0
461,1
462,1
463,0
464,0
465,0
466,1
467,0
468,1
469,1
470,0
471,1
472,0
473,1
474,0
475,0
476,0
477,1
478,0
479,1
480,1
481,0
482,1
483,0
484,0
485,0
486,0
487,1
488,1
489,0
490,0
491,0
492,1
493,0
494,0
495,1
496,1
497,0
498,1
499,0
500,0
501,1
502,0
503,0
504,1
505,0
506,0
507,0
508,0
509,1
510,0
511,0
512,1
513,1
514,0
515,0
516,1
517,0
518,1
519,1
520,0
521,1
522,1
523,0
524,1
525,1
526,0
527,1
528,1
529,0
530,0
531,1
532,1
533,0
534,0
535,0
536,0
537,0
538,1
539,1
540,0
541,0
542,1
543,1
544,0
545,0
546,1
547,0
548,1
549,1
550,1
551,0
552,0
553,1
554,1
555,1
556,0
557,0
558,0
559,0
560,0
561,0
562,1
563,0
564,0
565,1
566,0
567,1
568,0
569,0
570,1
571,1
572,0
573,1
574,0
575,1
576,0
577,0
578,1
579,0
580,0
581,1
582,0
583,1
584,1
585,0
586,0
587,1
588,1
589,0
590,1
591,1
592,1
593,0
594,0
595,1
596,1
597,1
598,0
599,1
600,1
601,0
602,0
603,0
604,1
605,1
606,1
607,1
608,0
609,0
610,0
611,1
612,0
613,1
614,0
615,0
616,1
617,0
618,0
619,0
620,0
621,0
622,1
623,0
624,0
625,0
626,0
627,1
628,1
629,1
630,0
631,0
632,0
633,0
634,0
635,0
636,1
637,0
638,0
639,1
640,1
641,0
642,1
643,0
644,0
645,1
646,0
647,1
648,1
649,0
650,0
651,0
652,0
653,1
654,1
655,0
656,1
657,0
658,1
659,0
660,0
661,0
662,0
663,1
664,1
665,1
666,0
667,0
668,0
669,0
670,0
671,1
672,1
673,1
674,0
675,1
676,1
677,1
678,0
679,0
680,0
681,0
682,0
683,1
684,0
685,1
686,0
687,0
688,0
689,1
690,0
691,0
692,0
693,1
694,0
695,0
696,1
697,0
698,1
699,0
700,1
701,0
702,1
703,0
704,0
705,1
706,1
707,0
708,0
709,0
710,1
711,1
712,1
713,1
714,1
715,0
716,0
717,0
718,1
719,0
720,1
721,1
722,0
723,0
724,1
725,0
726,0
727,1
728,0
729,1
730,0
731,0
732,1
733,0
734,1
735,1
736,0
737,1
738,0
739,1
740,1
741,0
742,0
743,1
744,1
745,1
746,0
747,0
748,1
749,1
750,1
751,0
752,0
753,1
754,0
755,0
756,1
757,1
758,0
759,1
760,1
761,0
762,0
763,0
764,1
765,0
766,0
767,0
768,1
769,0
770,0
771,1
772,0
773,0
774,0
775,1
776,1
777,0
778,1
779,1
780,1
781,0
782,0
783,0
784,0
785,0
786,0
787,1
788,1
789,0
790,1
791,1
792,1
793,1
794,0
795,0
796,0
797,1
798,0
799,1
800,0
801,0
802,1
803,0
804,1
805,1
806,0
807,0
808,1
809,1
810,0
811,0
812,0
813,0
814,0
815,0
816,0
817,1
818,0
819,1
820,1
821,1
822,0
823,1
824,1
825,1
826,0
827,0
828,0
829,0
830,1
831,1
832,1
833,1
834,1
835,0
836,1
837,1
838,0
839,0
840,0
841,1
842,0
843,0
844,0
845,0
846,0
847,1
848,1
849,0
850,1
851,0
852,1
853,0
854,0
855,1
856,0
857,1
858,1
859,1
860,1
861,0
862,0
863,1
864,0
865,1
866,1
867,1
868,1
869,1
870,0
871,0
872,0
873,0
874,0
875,1
876,1
877,0
878,1
879,0
880,1
881,1
882,0
883,1
884,0
885,0
886,0
887,0
888,0
889,1
890,1
891,1
892,1
893,1
894,1
895,1
896,1
897,1
898,0
899,0
900,0
901,0
902,0
903,0
904,0
905,1
906,0
907,1
908,0
909,0
910,1
911,0
912,0
913,0
914,1
915,1
916,0
917,0
918,1
919,1
920,0
921,1
922,0
923,1
924,0
925,1
926,0
927,0
928,1
929,0
930,0
931,1
932,1
933,0
934,1
935,0
936,0
937,1
938,0
939,0
940,0
941,0
942,1
943,1
944,0
945,1
946,1
947,0
948,1
949,1
950,1
951,1
952,1
953,0
954,0
955,0
956,0
957,0
958,1
959,0
960,0
961,1
962,0
963,1
964,1
965,1
966,0
967,0
968,1
969,1
970,0
971,1
972,0
973,1
974,0
975,1
976,1
977,1
978,1
979,0
980,1
981,1
982,0
983,1
984,0
985,0
986,0
987,1
988,0
989,1
990,0
991,1
992,0
993,1
994,1
995,0
996,1
997,0
998,0
999,0
1000,1
1001,1
1002,0
1003,1
1004,0
1005,0
1006,0
1007,0
1008,0
1009,1
1010,1
1011,1
1012,0
1013,0
1014,0
1015,1
1016,1
1017,1
1018,1
1019,1
1020,1
1021,1
1022,0
1023,0
1024,1
1025,1
1026,0
1027,0
1028,1
1029,1
1030,0
1031,0
1032,1
1033,1
1034,0
1035,1
1036,0
1037,0
1038,1
1039,1
1040,1
1041,0
1042,0
1043,0
1044,0
1045,0
1046,0
1047,1
1048,0
1049,1
1050,1
1051,0
1052,0
1053,0
1054,0
1055,0
1056,0
1057,0
1058,1
1059,0
1060,1
1061,0
1062,0
1063,0
1064,0
1065,1
1066,0
1067,1
1068,0
1069,0
1070,0
1071,0
1072,0
1073,1
1074,0
1075,0
1076,1
1077,0
1078,0
1079,0
1080,0
1081,0
1082,0
1083,0
1084,0
1085,0
1086,1
1087,1
1088,0
1089,0
1090,1
1091,0
1092,0
1093,0
1094,1
1095,0
1096,1
1097,0
1098,1
1099,0
1100,0
1101,1
1102,0
1103,0
1104,0
1105,0
1106,0
1107,0
1108,0
1109,1
1110,1
1111,0
1112,1
1113,0
1114,0
1115,1
1116,0
1117,1
1118,1
1119,1
1120,1
1121,0
1122,0
1123,1
1124,1
1125,0
1126,0
1127,0
1128,0
1129,1
1130,1
1131,1
1132,1
1133,0
1134,0
1135,1
1136,1
1137,0
1138,1
1139,0
1140,1
1141,0
1142,0
1143,0
1144,0
1145,1
1146,1
1147,0
1148,1
1149,0
1150,1
1151,1
1152,0
1153,1
1154,0
1155,0
1156,1
1157,1
1158,0
1159,1
1160,0
1161,0
1162,1
1163,1
1164,1
1165,1
1166,0
1167,0
1168,1
1169,0
1170,1
1171,0
1172,1
1173,0
1174,1
1175,1
1176,1
1177,1
1178,0
1179,0
1180,0
1181,0
1182,0
1183,0
1184,1
1185,0
1186,1
1187,0
1188,1
1189,1
1190,1
1191,1
1192,0
1193,1
1194,1
1195,1
1196,1
1197,1
1198,0
1199,0
1200,1
1201,0
1202,0
1203,1
1204,0
1205,1
1206,0
1207,1
1208,1
1209,0
1210,0
1211,0
1212,1
1213,0
1214,1
1215,1
1216,1
1217,0
1218,0
1219,0
1220,0
1221,0
1222,1
1223,0
1224,1
1225,0
1226,1
1227,0
1228,0
1229,0
1230,1
1231,1
1232,0
1233,0
1234,0
1235,1
1236,1
1237,0
1238,0
1239,0
1240,1
1241,0
1242,1
1243,1
1244,1
1245,0
1246,1
1247,1
1248,0
1249,0
1250,0
1251,0
1252,0
1253,1
1254,0
1255,1
1256,0
1257,0
1258,0
1259,0
1260,1
1261,1
1262,1
1263,0
1264,0
1265,1
1266,1
1267,1
1268,0
1269,1
1270,0
1271,0
1272,0
1273,1
1274,0
1275,1
1276,0
1277,1
1278,0
1279,0
1280,1
1281,1
1282,1
1283,1
1284,1
1285,1
1286,0
1287,0
1288,1
1289,1
1290,0
1291,0
1292,0
1293,1
1294,1
1295,0
1296,0
1297,0
1298,0
1299,1
1300,0
1301,1
1302,1
1303,0
1304,0
1305,1
1306,1
1307,0
1308,1
1309,0
1310,1
1311,1
1312,0
1313,1
1314,1
1315,0
1316,0
1317,1
1318,0
1319,1
1320,0
1321,0
1322,0
1323,1
1324,0
1325,1
1326,0
1327,0
1328,1
1329,1
1330,1
1331,0
1332,1
1333,1
1334,0
1335,0
1336,0
1337,1
1338,0
1339,0
1340,1
1341,1
1342,1
1343,1
1344,0
1345,1
1346,0
1347,0
1348,1
1349,0
1350,0
1351,1
1352,1
1353,0
1354,0
1355,0
1356,1
1357,0
1358,0
1359,0
1360,0
1361,0
1362,0
1363,0
1364,0
1365,1
1366,1
1367,1
1368,1
1369,1
1370,0
1371,0
1372,1
1373,1
1374,0
1375,0
1376,1
1377,1
1378,0
1379,1
1380,0
1381,1
1382,0
1383,0
1384,0
1385,1
1386,1
1387,0
1388,0
1389,1
1390,1
1391,0
1392,1
1393,0
1394,0
1395,0
1396,1
1397,1
1398,0
1399,1
1400,1
1401,1
1402,0
1403,0
1404,0
1405,0
1406,1
1407,0
1408,1
1409,1
1410,0
1411,0
1412,1
1413,0
1414,0
1415,0
1416,1
1417,1
1418,0
1419,1
1420,0
1421,0
1422,1
1423,0
1424,1
1425,1
1426,1
1427,0
1428,1
1429,1
1430,1
1431,0
1432,0
1433,0
1434,0
1435,0
1436,1
1437,1
1438,0
1439,0
1440,0
1441,1
1442,1
1443,1
1444,0
1445,0
1446,1
1447,0
1448,0
1449,1
1450,0
1451,1
1452,0
1453,0
1454,0
1455,0
1456,1
1457,1
1458,1
1459,0
1460,0
1461,1
1462,0
1463,0
1464,1
1465,0
1466,1
1467,1
1468,1
1469,1
1470,1
1471,1
1472,1
1473,0
1474,0
1475,0
1476,1
1477,1
1478,1
1479,1
1480,0
1481,1
1482,0
1483,0
1484,0
1485,1
1486,1
1487,1
1488,0
1489,0
1490,0
1491,1
1492,1
1493,1
1494,1
1495,0
1496,1
1497,1
1498,0
1499,1
1500,1
1501,1
1502,0
1503,0
1504,0
1505,1
1506,1
1507,0
1508,0
1509,0
1510,1
1511,1
1512,1
1513,1
1514,0
1515,1
1516,0
1517,1
1518,0
1519,0
1520,0
1521,0
1522,0
1523,0
1524,1
1525,0
1526,0
1527,0
1528,0
1529,1
1530,0
1531,0
1532,0
1533,0
1534,1
1535,0
1536,1
1537,1
1538,1
1539,1
1540,0
1541,1
1542,0
1543,0
1544,0
1545,1
1546,0
1547,1
1548,0
1549,1
1550,0
1551,1
1552,0
1553,1
1554,1
1555,1
1556,0
1557,0
1558,1
1559,0
1560,0
1561,0
1562,0
1563,0
1564,0
1565,0
1566,1
1567,0
1568,1
1569,0
1570,0
1571,1
1572,1
1573,0
1574,1
1575,1
1576,0
1577,1
1578,0
1579,1
1580,0
1581,0
1582,1
1583,1
1584,0
1585,0
1586,0
1587,0
1588,0
1589,1
1590,0
1591,0
1592,1
1593,1
1594,0
1595,1
1596,0
1597,0
1598,0
1599,1
1600,1
1601,0
1602,1
1603,0
1604,0
1605,1
1606,1
1607,1
1608,1
1609,1
1610,1
1611,0
1612,1
1613,0
1614,0
1615,0
1616,0
1617,0
1618,1
1619,1
1620,1
1621,1
1622,0
1623,0
1624,0
1625,0
1626,0
1627,1
1628,1
1629,1
1630,0
1631,1
1632,0
1633,1
1634,0
1635,0
1636,0
1637,1
1638,0
1639,0
1640,1
1641,1
1642,0
1643,0
1644,0
1645,0
1646,1
1647,1
1648,1
1649,0
1650,1
1651,1
1652,0
1653,0
1654,1
1655,1
1656,0
1657,0
1658,0
1659,0
1660,1
1661,0
1662,0
1663,0
1664,1
1665,0
1666,0
1667,0
1668,1
1669,1
1670,0
1671,1
1672,0
1673,0
1674,1
1675,0
1676,1
1677,0
1678,0
1679,1
1680,1
1681,1
1682,0
1683,0
1684,0
1685,1
1686,0
1687,1
1688,1
1689,0
1690,1
1691,1
1692,1
1693,0
1694,0
1695,1
1696,0
1697,1
1698,1
1699,1
1700,0
1701,1
1702,0
1703,0
1704,0
1705,1
1706,1
1707,0
1708,1
1709,1
1710,0
1711,1
1712,1
1713,1
1714,0
1715,0
1716,1
1717,1
1718,0
1719,0
1720,0
1721,1
1722,0
1723,0
1724,1
1725,1
1726,1
1727,0
1728,0
1729,0
1730,1
1731,1
1732,1
1733,1
1734,1
1735,1
1736,1
1737,0
1738,0
1739,1
1740,0
1741,0
1742,1
1743,0
1744,0
1745,1
1746,0
1747,1
1748,0
1749,0
1750,1
1751,0
1752,0
1753,1
1754,0
1755,0
1756,1
1757,0
1758,1
1759,1
1760,0
1761,0
1762,0
1763,0
1764,0
1765,1
1766,1
1767,1
1768,1
1769,0
1770,1
1771,0
1772,0
1773,0
1774,0
1775,1
1776,1
1777,1
1778,0
1779,1
1780,0
1781,1
1782,0
1783,0
1784,0
1785,0
1786,1
1787,1
1788,0
1789,0
1790,0
1791,1
1792,1
1793,1
1794,0
1795,0
1796,0
1797,0
1798,1
1799,0
1800,0
1801,1
1802,0
1803,0
1804,1
1805,1
1806,0
1807,1
1808,1
1809,1
1810,0
1811,0
1812,1
1813,1
1814,1
1815,1
1816,0
1817,1
1818,1
1819,0
1820,0
1821,0
1822,1
1823,0
1824,0
1825,0
1826,1
1827,0
1828,0
1829,0
1830,0
1831,0
1832,1
1833,1
1834,1
1835,1
1836,0
1837,1
1838,1
1839,1
1840,0
1841,0
1842,0
1843,1
1844,0
1845,0
1846,0
1847,0
1848,1
1849,0
1850,1
1851,1
1852,0
1853,0
1854,0
1855,0
1856,0
1857,0
1858,0
1859,1
1860,0
1861,0
1862,1
1863,0
1864,1
1865,0
1866,0
1867,1
1868,0
1869,0
1870,0
1871,0
1872,0
1873,0
1874,1
1875,1
1876,1
1877,0
1878,1
1879,0
1880,1
1881,1
1882,1
1883,1
1884,0
1885,0
1886,1
1887,1
1888,1
1889,1
1890,1
1891,0
1892,1
1893,1
1894,0
1895,1
1896,1
1897,0
1898,0
1899,1
1900,1
1901,1
1902,1
1903,1
1904,1
1905,1
1906,0
1907,0
1908,1
1909,1
1910,0
1911,0
1912,0
1913,0
1914,1
1915,1
1916,0
1917,1
1918,1
1919,0
1920,1
1921,1
1922,0
1923,1
1924,0
1925,0
1926,1
1927,0
1928,0
1929,1
1930,1
1931,1
1932,1
1933,1
1934,0
1935,0
1936,1
1937,0
1938,0
1939,0
1940,0
1941,1
1942,0
1943,1
1944,1
1945,0
1946,0
1947,0
1948,0
1949,0
1950,0
1951,1
1952,1
1953,1
1954,0
1955,0
1956,1
1957,0
1958,0
1959,1
1960,1
1961,1
1962,0
1963,1
1964,1
1965,0
1966,1
1967,0
1968,0
1969,1
1970,0
1971,1
1972,1
1973,0
1974,1
1975,0
1976,1
1977,1
1978,0
1979,0
1980,1
1981,0
1982,0
1983,0
1984,0
1985,0
1986,0
1987,0
1988,1
1989,1
1990,1
1991,0
1992,1
1993,1
1994,0
1995,1
1996,1
1997,1
1998,1
1999,0
2000,0
2001,0
2002,0
2003,0
2004,1
2005,1
2006,0
2007,1
2008,0
2009,1
2010,1
2011,0
2012,0
2013,0
2014,1
2015,0
2016,0
2017,0
2018,1
2019,0
2020,0
2021,0
2022,0
2023,1
2024,1
2025,0
2026,0
2027,0
2028,0
2029,0
2030,0
2031,0
2032,0
2033,1
2034,0
2035,1
2036,0
2037,0
2038,0
2039,0
2040,0
2041,0
2042,0
2043,0
2044,0
2045,0
2046,1
2047,0
2048,0
2049,0
2050,0
2051,1
2052,1
2053,0
2054,1
2055,0
2056,0
2057,0
2058,1
2059,0
2060,1
2061,0
2062,0
2063,0
2064,0
2065,1
2066,1
2067,1
2068,0
2069,0
2070,1
2071,0
2072,1
2073,1
2074,1
2075,0
2076,0
2077,0
2078,1
2079,0
2080,1
2081,0
2082,1
2083,1
2084,1
2085,1
2086,1
2087,0
2088,0
2089,0
2090,1
2091,0
2092,0
2093,1
2094,0
2095,1
2096,1
2097,1
2098,1
2099,0
2100,0
2101,1
2102,1
2103,1
2104,0
2105,1
2106,1
2107,0
2108,1
2109,0
2110,0
2111,0
2112,1
2113,0
2114,1
2115,1
2116,1
2117,0
2118,1
2119,1
2120,0
2121,0
2122,0
2123,1
2124,0
2125,0
2126,0
2127,0
2128,0
2129,0
2130,0
2131,0
2132,1
2133,1
2134,1
2135,0
2136,1
2137,1
2138,1
2139,1
2140,0
2141,0
2142,0
2143,0
2144,0
2145,0
2146,0
2147,1
2148,0
2149,1
2150,1
2151,0
2152,1
2153,0
2154,1
2155,1
2156,0
2157,1
2158,1
2159,1
2160,1
2161,1
2162,0
2163,1
2164,1
2165,1
2166,0
2167,1
2168,0
2169,0
2170,0
2171,1
2172,1
2173,1
2174,0
2175,0
2176,0
2177,0
2178,0
2179,0
2180,1
2181,0
2182,0
2183,0
2184,0
2185,0
2186,1
2187,1
2188,0
2189,0
2190,0
2191,1
2192,0
2193,1
2194,1
2195,1
2196,0
2197,1
2198,1
2199,0
2200,1
2201,1
2202,0
2203,1
2204,0
2205,0
2206,0
2207,1
2208,0
2209,1
2210,0
2211,0
2212,0
2213,1
2214,0
2215,0
2216,0
2217,1
2218,1
2219,1
2220,0
2221,1
2222,0
2223,0
2224,1
2225,0
2226,1
2227,1
2228,0
2229,1
2230,1
2231,0
2232,0
2233,0
2234,1
2235,1
2236,0
2237,0
2238,0
2239,1
2240,1
2241,0
2242,1
2243,1
2244,1
2245,0
2246,0
2247,1
2248,0
2249,0
2250,1
2251,0
2252,1
2253,1
2254,1
2255,0
2256,1
2257,1
2258,0
2259,0
2260,0
2261,0
2262,1
2263,0
2264,0
2265,0
2266,1
2267,0
2268,1
2269,0
2270,0
2271,0
2272,0
2273,1
2274,0
2275,0
2276,1
2277,1
2278,0
2279,1
2280,1
2281,0
2282,0
2283,1
2284,0
2285,1
2286,1
2287,0
2288,1
2289,1
2290,0
2291,1
2292,1
2293,0
2294,1
2295,0
2296,1
2297,1
2298,0
2299,0
2300,1
2301,0
2302,0
2303,1
2304,0
2305,0
2306,0
2307,1
2308,1
2309,1
2310,0
2311,0
2312,1
2313,0
2314,1
2315,0
2316,1
2317,1
2318,0
2319,1
2320,0
2321,0
2322,0
2323,0
2324,1
2325,0
2326,1
2327,0
2328,1
2329,0
2330,0
2331,0
2332,1
2333,0
2334,0
2335,1
2336,0
2337,1
2338,0
2339,1
2340,1
2341,0
2342,0
2343,0
2344,0
2345,0
2346,1
2347,0
2348,0
2349,1
2350,1
2351,0
2352,1
2353,1
2354,1
2355,0
2356,0
2357,0
2358,0
2359,1
2360,1
2361,0
2362,0
2363,0
2364,1
2365,1
2366,0
2367,0
2368,0
2369,0
2370,1
2371,1
2372,0
2373,0
2374,0
2375,1
2376,0
2377,1
2378,0
2379,0
2380,1
2381,1
2382,1
2383,1
2384,0
2385,1
2386,0
2387,1
2388,0
2389,0
2390,0
2391,1
2392,0
2393,0
2394,0
2395,0
2396,0
2397,0
2398,1
2399,1
2400,1
2401,1
2402,0
2403,0
2404,1
2405,1
2406,0
2407,0
2408,0
2409,0
2410,1
2411,1
2412,1
2413,1
2414,0
2415,0
2416,1
2417,1
2418,0
2419,1
2420,0
2421,0
2422,0
2423,0
2424,1
2425,0
2426,1
2427,1
2428,0
2429,0
2430,1
2431,1
2432,1
2433,0
2434,1
2435,1
2436,1
2437,0
2438,0
2439,1
2440,0
2441,0
2442,1
2443,1
2444,1
2445,1
2446,1
2447,1
2448,1
2449,0
2450,0
2451,0
2452,1
2453,0
2454,0
2455,1
2456,0
2457,0
2458,1
2459,0
2460,0
2461,0
2462,1
2463,0
2464,0
2465,0
2466,1
2467,1
2468,1
2469,0
2470,0
2471,1
2472,0
2473,0
2474,0
2475,0
2476,1
2477,0
2478,1
2479,0
2480,1
2481,0
2482,1
2483,1
2484,0
2485,0
2486,0
2487,1
2488,0
2489,0
2490,0
2491,1
2492,0
2493,0
2494,1
2495,1
2496,0
2497,1
2498,1
2499,1
2500,1
2501,1
2502,1
2503,1
2504,1
2505,1
2506,0
2507,1
2508,1
2509,0
2510,0
2511,0
2512,1
2513,1
2514,1
2515,1
2516,1
2517,1
2518,1
2519,0
2520,1
2521,1
2522,1
2523,1
2524,0
2525,0
2526,0
2527,0
2528,0
2529,1
2530,1
2531,1
2532,0
2533,1
2534,0
2535,1
2536,1
2537,0
2538,1
2539,0
2540,0
2541,0
2542,0
2543,0
2544,1
2545,1
2546,1
2547,1
2548,1
2549,0
2550,1
2551,0
2552,0
2553,0
2554,0
2555,1
2556,0
2557,0
2558,0
2559,0
2560,0
2561,0
2562,0
2563,1
2564,1
2565,1
2566,0
2567,1
2568,0
2569,0
2570,0
2571,0
2572,0
2573,1
2574,0
2575,0
2576,0
2577,1
2578,0
2579,1
2580,0
2581,0
2582,1
2583,0
2584,0
2585,0
2586,1
2587,1
2588,0
2589,1
2590,0
2591,1
2592,1
2593,0
2594,1
2595,1
2596,0
2597,0
2598,1
2599,0
2600,0
2601,0
2602,0
2603,0
2604,0
2605,0
2606,1
2607,0
2608,1
2609,0
2610,0
2611,1
2612,0
2613,0
2614,1
2615,0
2616,0
2617,1
2618,1
2619,0
2620,0
2621,0
2622,0
2623,1
2624,0
2625,1
2626,1
2627,0
2628,1
2629,1
2630,1
2631,0
2632,0
2633,0
2634,0
2635,1
2636,1
2637,0
2638,1
2639,0
2640,0
2641,1
2642,0
2643,1
2644,0
2645,1
2646,1
2647,1
2648,1
2649,1
2650,1
2651,1
2652,0
2653,1
2654,1
2655,1
2656,0
2657,1
2658,0
2659,1
2660,0
2661,1
2662,1
2663,1
2664,1
2665,1
2666,0
2667,0
2668,0
2669,1
2670,1
2671,1
2672,0
2673,1
2674,0
2675,0
2676,1
2677,1
2678,0
2679,1
2680,0
2681,1
2682,1
2683,0
2684,1
2685,1
2686,1
2687,1
2688,0
2689,0
2690,1
2691,1
2692,1
2693,1
2694,1
2695,0
2696,1
2697,0
2698,1
2699,0
2700,0
2701,0
2702,1
2703,1
2704,1
2705,0
2706,1
2707,0
2708,0
2709,0
2710,0
2711,0
2712,1
2713,1
2714,0
2715,0
2716,1
2717,1
2718,0
2719,0
2720,0
2721,1
2722,1
2723,1
2724,0
2725,1
2726,1
2727,1
2728,1
2729,0
2730,1
2731,1
2732,0
2733,0
2734,0
2735,1
2736,1
2737,1
2738,0
2739,1
2740,0
2741,1
2742,1
2743,1
2744,1
2745,0
2746,0
2747,0
2748,0
2749,1
2750,0
2751,0
2752,1
2753,0
2754,1
2755,1
2756,0
2757,1
2758,0
2759,1
2760,1
2761,0
2762,0
2763,0
2764,1
2765,1
2766,0
2767,0
2768,1
2769,0
2770,1
2771,0
2772,1
2773,1
2774,1
2775,0
2776,0
2777,1
2778,0
2779,1
2780,0
2781,1
2782,0
2783,0
2784,1
2785,0
2786,0
2787,0
2788,0
2789,1
2790,0
2791,0
2792,0
2793,1
2794,1
2795,0
2796,0
2797,1
2798,1
2799,1
2800,0
2801,1
2802,0
2803,0
2804,1
2805,0
2806,1
2807,1
2808,0
2809,1
2810,1
2811,0
2812,0
2813,1
2814,1
2815,0
2816,1
2817,0
2818,0
2819,1
2820,0
2821,0
2822,0
2823,0
2824,0
2825,0
2826,1
2827,1
2828,0
2829,1
2830,1
2831,1
2832,0
2833,1
2834,0
2835,0
2836,0
2837,0
2838,0
2839,1
2840,0
2841,0
2842,1
2843,0
2844,1
2845,1
2846,1
2847,1
2848,1
2849,1
2850,1
2851,1
2852,1
2853,1
2854,0
2855,1
2856,0
2857,0
2858,1
2859,0
2860,1
2861,1
2862,0
2863,0
2864,1
2865,1
2866,1
2867,0
2868,0
2869,0
2870,0
2871,0
2872,1
2873,1
2874,0
2875,0
2876,1
2877,0
2878,1
2879,0
2880,0
2881,0
2882,0
2883,0
2884,1
2885,1
2886,0
2887,0
2888,1
2889,1
2890,0
2891,0
2892,1
2893,0
2894,1
2895,0
2896,0
2897,1
2898,1
2899,1
2900,0
2901,1
2902,1
2903,1
2904,1
2905,0
2906,0
2907,0
2908,1
2909,0
2910,0
2911,1
2912,0
2913,1
2914,0
2915,0
2916,0
2917,0
2918,0
2919,1
2920,1
2921,1
2922,1
2923,0
2924,0
2925,1
2926,1
2927,0
2928,1
2929,1
2930,0
2931,1
2932,0
2933,1
2934,0
2935,1
2936,1
2937,0
2938,1
2939,1
2940,0
2941,0
2942,1
2943,0
2944,0
2945,1
2946,1
2947,1
2948,0
2949,1
2950,0
2951,1
2952,0
2953,0
2954,0
2955,1
2956,0
2957,1
2958,1
2959,0
2960,0
2961,0
2962,1
2963,1
2964,1
2965,1
2966,0
2967,0
2968,1
2969,1
2970,0
2971,0
2972,1
2973,1
2974,1
2975,0
2976,0
2977,1
2978,0
2979,0
2980,1
2981,0
2982,0
2983,1
2984,0
2985,1
2986,1
2987,0
2988,0
2989,0
2990,1
2991,0
2992,1
2993,1
2994,0
2995,0
2996,1
2997,1
2998,0
2999,1
3000,0
3001,1
3002,1
3003,1
3004,0
3005,0
3006,0
3007,1
3008,1
3009,0
3010,1
3011,1
3012,0
3013,1
3014,0
3015,1
3016,1
3017,0
3018,0
3019,0
3020,0
3021,0
3022,0
3023,0
3024,1
3025,0
3026,0
3027,0
3028,0
3029,1
3030,0
3031,1
3032,0
3033,0
3034,0
3035,1
3036,0
3037,0
3038,0
3039,0
3040,0
3041,0
3042,0
3043,0
3044,1
3045,0
3046,0
3047,1
3048,0
3049,1
3050,0
3051,1
3052,1
3053,0
3054,0
3055,1
3056,1
3057,0
3058,0
3059,1
3060,1
3061,0
3062,0
3063,1
3064,1
3065,1
3066,1
3067,0
3068,0
3069,0
3070,1
3071,1
3072,0
3073,1
3074,0
3075,1
3076,1
3077,0
3078,0
3079,1
3080,0
3081,1
3082,0
3083,0
3084,0
3085,0
3086,1
3087,0
3088,0
3089,1
3090,1
3091,0
3092,0
3093,0
3094,0
3095,0
3096,1
3097,1
3098,1
3099,0
3100,0
3101,1
3102,0
3103,0
3104,0
3105,1
3106,1
3107,0
3108,1
3109,0
3110,1
3111,0
3112,0
3113,0
3114,1
3115,0
3116,1
3117,1
3118,0
3119,0
3120,1
3121,1
3122,0
3123,0
3124,0
3125,1
3126,1
3127,0
3128,1
3129,0
3130,0
3131,1
3132,1
3133,0
3134,1
3135,0
3136,1
3137,1
3138,1
3139,0
3140,1
3141,1
3142,0
3143,1
3144,1
3145,1
3146,1
3147,1
3148,1
3149,1
3150,1
3151,0
3152,0
3153,0
3154,1
3155,0
3156,0
3157,0
3158,0
3159,0
3160,1
3161,0
3162,1
3163,0
3164,1
3165,0
3166,1
3167,1
3168,1
3169,0
3170,1
3171,1
3172,1
3173,0
3174,0
3175,1
3176,0
3177,1
3178,0
3179,0
3180,1
3181,0
3182,1
3183,1
3184,0
3185,1
3186,0
3187,1
3188,1
3189,1
3190,0
3191,0
3192,1
3193,1
3194,0
3195,1
3196,1
3197,1
3198,1
3199,1
3200,1
3201,0
3202,1
3203,0
3204,0
3205,1
3206,1
3207,1
3208,1
3209,1
3210,0
3211,1
3212,1
3213,0
3214,1
3215,1
3216,1
3217,1
3218,1
3219,0
3220,0
3221,1
3222,0
3223,0
3224,1
3225,1
3226,1
3227,1
3228,1
3229,1
3230,0
3231,1
3232,0
3233,1
3234,1
3235,1
3236,1
3237,0
3238,0
3239,1
3240,0
3241,1
3242,0
3243,0
3244,1
3245,0
3246,1
3247,0
3248,0
3249,0
3250,1
3251,1
3252,0
3253,0
3254,0
3255,1
3256,1
3257,0
3258,0
3259,0
3260,1
3261,1
3262,1
3263,0
3264,0
3265,1
3266,0
3267,1
3268,0
3269,0
3270,0
3271,0
3272,1
3273,0
3274,0
3275,0
3276,1
3277,1
3278,1
3279,1
3280,1
3281,0
3282,0
3283,0
3284,0
3285,0
3286,0
3287,1
3288,0
3289,0
3290,0
3291,1
3292,0
3293,0
3294,1
3295,0
3296,1
3297,1
3298,0
3299,1
3300,0
3301,1
3302,0
3303,1
3304,0
3305,1
3306,1
3307,0
3308,1
3309,1
3310,1
3311,1
3312,0
3313,0
3314,1
3315,0
3316,0
3317,1
3318,0
3319,0
3320,1
3321,1
3322,1
3323,0
3324,0
3325,0
3326,0
3327,1
3328,1
3329,1
3330,1
3331,1
3332,0
3333,0
3334,1
3335,0
3336,1
3337,0
3338,0
3339,0
3340,0
3341,0
3342,1
3343,0
3344,1
3345,0
3346,0
3347,1
3348,1
3349,1
3350,1
3351,0
3352,1
3353,1
3354,0
3355,1
3356,1
3357,0
3358,1
3359,1
3360,1
3361,0
3362,0
3363,1
3364,0
3365,1
3366,0
3367,1
3368,1
3369,0
3370,0
3371,0
3372,0
3373,0
3374,0
3375,1
3376,0
3377,0
3378,0
3379,0
3380,0
3381,0
3382,0
3383,1
3384,0
3385,1
3386,1
3387,0
3388,0
3389,0
3390,0
3391,1
3392,1
3393,0
3394,0
3395,0
3396,1
3397,1
3398,0
3399,1
3400,1
3401,1
3402,1
3403,0
3404,1
3405,1
3406,1
3407,0
3408,1
3409,0
3410,1
3411,0
3412,0
3413,0
3414,1
3415,0
3416,0
3417,0
3418,0
3419,1
3420,0
3421,0
3422,1
3423,1
3424,0
3425,0
3426,0
3427,0
3428,0
3429,0
3430,1
3431,0
3432,1
3433,0
3434,0
3435,1
3436,1
3437,1
3438,1
3439,0
3440,0
3441,0
3442,0
3443,0
3444,1
3445,0
3446,1
3447,1
3448,1
3449,1
3450,0
3451,0
3452,1
3453,0
3454,1
3455,1
3456,1
3457,1
3458,0
3459,0
3460,1
3461,0
3462,1
3463,0
3464,1
3465,0
3466,1
3467,0
3468,1
3469,1
3470,0
3471,0
3472,1
3473,0
3474,1
3475,0
3476,0
3477,1
3478,1
3479,0
3480,0
3481,1
3482,0
3483,1
3484,1
3485,1
3486,0
3487,0
3488,0
3489,0
3490,1
3491,0
3492,1
3493,0
3494,1
3495,0
3496,1
3497,0
3498,0
3499,0
3500,0
3501,0
3502,1
3503,1
3504,0
3505,0
3506,1
3507,0
3508,0
3509,1
3510,1
3511,1
3512,1
3513,0
3514,0
3515,0
3516,0
3517,0
3518,1
3519,0
3520,0
3521,0
3522,0
3523,0
3524,1
3525,1
3526,1
3527,0
3528,0
3529,1
3530,1
3531,0
3532,0
3533,0
3534,1
3535,1
3536,1
3537,1
3538,0
3539,0
3540,1
3541,0
3542,0
3543,1
3544,1
3545,0
3546,1
3547,0
3548,1
3549,0
3550,1
3551,1
3552,1
3553,0
3554,1
3555,1
3556,0
3557,0
3558,0
3559,0
3560,1
3561,0
3562,0
3563,1
3564,1
3565,0
3566,0
3567,0
3568,1
3569,1
3570,1
3571,1
3572,0
3573,0
3574,0
3575,1
3576,0
3577,0
3578,1
3579,0
3580,1
3581,1
3582,1
3583,0
3584,1
3585,0
3586,1
3587,0
3588,1
3589,1
3590,1
3591,0
3592,1
3593,1
3594,1
3595,0
3596,1
3597,0
3598,0
3599,0
3600,1
3601,1
3602,1
3603,0
3604,0
3605,1
3606,0
3607,0
3608,0
3609,0
3610,1
3611,0
3612,0
3613,1
3614,0
3615,1
3616,1
3617,0
3618,1
3619,0
3620,1
3621,0
3622,0
3623,0
3624,0
3625,0
3626,1
3627,1
3628,1
3629,0
3630,1
3631,0
3632,0
3633,0
3634,0
3635,1
3636,0
3637,1
3638,1
3639,0
3640,1
3641,0
3642,1
3643,0
3644,0
3645,1
3646,0
3647,1
3648,0
3649,1
3650,1
3651,1
3652,1
3653,0
3654,0
3655,0
3656,1
3657,1
3658,1
3659,0
3660,0
3661,1
3662,0
3663,0
3664,1
3665,1
3666,1
3667,0
3668,1
3669,1
3670,0
3671,0
3672,1
3673,0
3674,0
3675,0
3676,0
3677,0
3678,0
3679,1
3680,0
3681,1
3682,0
3683,1
3684,0
3685,0
3686,1
3687,1
3688,0
3689,1
3690,0
3691,0
3692,0
3693,0
3694,0
3695,0
3696,1
3697,1
3698,0
3699,1
3700,1
3701,1
3702,0
3703,0
3704,1
3705,1
3706,0
3707,0
3708,0
3709,1
3710,0
3711,1
3712,0
3713,1
3714,1
3715,1
3716,1
3717,1
3718,1
3719,1
3720,0
3721,0
3722,1
3723,0
3724,1
3725,1
3726,1
3727,1
3728,1
3729,0
3730,1
3731,0
3732,1
3733,0
3734,0
3735,1
3736,0
3737,1
3738,0
3739,1
3740,1
3741,1
3742,0
3743,0
3744,1
3745,1
3746,0
3747,1
3748,1
3749,1
3750,0
3751,0
3752,0
3753,0
3754,0
3755,0
3756,1
3757,0
3758,0
3759,1
3760,0
3761,0
3762,0
3763,1
3764,0
3765,1
3766,0
3767,1
3768,1
3769,0
3770,1
3771,0
3772,0
3773,1
3774,1
3775,0
3776,1
3777,0
3778,0
3779,0
3780,1
3781,1
3782,0
3783,1
3784,0
3785,0
3786,1
3787,0
3788,0
3789,1
3790,1
3791,1
3792,0
3793,0
3794,1
3795,1
3796,0
3797,1
3798,0
3799,0
3800,1
3801,0
3802,1
3803,0
3804,0
3805,1
3806,0
3807,0
3808,1
3809,0
3810,1
3811,1
3812,0
3813,1
3814,0
3815,0
3816,0
3817,0
3818,0
3819,0
3820,0
3821,0
3822,1
3823,1
3824,0
3825,0
3826,1
3827,0
3828,1
3829,1
3830,0
3831,0
3832,0
3833,0
3834,1
3835,0
3836,0
3837,0
3838,1
3839,0
3840,1
3841,0
3842,0
3843,0
3844,1
3845,0
3846,0
3847,1
3848,1
3849,0
3850,1
3851,1
3852,0
3853,1
3854,0
3855,0
3856,0
3857,0
3858,1
3859,1
3860,1
3861,0
3862,1
3863,1
3864,1
3865,1
3866,0
3867,0
3868,1
3869,0
3870,1
3871,0
3872,1
3873,0
3874,0
3875,1
3876,1
3877,0
3878,0
3879,0
3880,1
3881,0
3882,1
3883,0
3884,0
3885,0
3886,0
3887,1
3888,1
3889,0
3890,1
3891,1
3892,0
3893,0
3894,1
3895,0
3896,0
3897,0
3898,0
3899,0
3900,0
3901,0
3902,1
3903,0
3904,0
3905,0
3906,0
3907,1
3908,0
3909,1
3910,1
3911,1
3912,0
3913,0
3914,0
3915,0
3916,1
3917,0
3918,0
3919,1
3920,1
3921,0
3922,0
3923,1
3924,0
3925,0
3926,0
3927,1
3928,1
3929,1
3930,1
3931,0
3932,0
3933,0
3934,0
3935,1
3936,0
3937,0
3938,1
3939,0
3940,1
3941,1
3942,1
3943,0
3944,0
3945,1
3946,0
3947,0
3948,0
3949,1
3950,0
3951,1
3952,0
3953,0
3954,0
3955,1
3956,0
3957,1
3958,1
3959,0
3960,0
3961,1
3962,1
3963,0
3964,0
3965,1
3966,0
3967,1
3968,1
3969,1
3970,0
3971,1
3972,1
3973,0
3974,0
3975,0
3976,0
3977,0
3978,1
3979,1
3980,0
3981,0
3982,0
3983,0
3984,0
3985,1
3986,0
3987,0
3988,0
3989,0
3990,0
3991,0
3992,1
3993,0
3994,0
3995,0
3996,0
3997,1
3998,1
3999,0
4000,0
4001,1
4002,0
4003,0
4004,1
4005,1
4006,0
4007,0
4008,0
4009,1
4010,1
4011,0
4012,0
4013,1
4014,0
4015,0
4016,0
4017,0
4018,0
4019,0
4020,0
4021,1
4022,1
4023,0
4024,0
4025,1
4026,1
4027,0
4028,0
4029,0
4030,0
4031,1
4032,1
4033,0
4034,0
4035,0
4036,1
4037,1
4038,0
4039,0
4040,1
4041,0
4042,0
4043,1
4044,0
4045,1
4046,0
4047,0
4048,0
4049,0
4050,0
4051,0
4052,0
4053,0
4054,0
4055,1
4056,1
4057,1
4058,0
4059,1
4060,1
4061,0
4062,0
4063,0
4064,1
4065,0
4066,0
4067,1
4068,1
4069,0
4070,1
4071,0
4072,0
4073,1
4074,0
4075,0
4076,0
4077,1
4078,1
4079,0
4080,0
4081,0
4082,1
4083,1
4084,0
4085,1
4086,0
4087,1
4088,0
4089,0
4090,0
4091,0
4092,1
4093,1
4094,0
4095,0
4096,1
4097,1
4098,1
4099,0
4100,1
4101,0
4102,1
4103,0
4104,1
4105,1
4106,0
4107,1
4108,1
4109,0
4110,0
4111,0
4112,0
4113,0
4114,1
4115,0
4116,0
4117,1
4118,0
4119,1
4120,1
4121,0
4122,1
4123,1
4124,1
4125,0
4126,1
4127,0
4128,0
4129,1
4130,0
4131,1
4132,0
4133,0
4134,1
4135,0
4136,0
4137,0
4138,1
4139,0
4140,1
4141,1
4142,1
4143,1
4144,0
4145,1
4146,0
4147,1
4148,0
4149,0
4150,0
4151,0
4152,0
4153,1
4154,1
4155,0
4156,0
4157,1
4158,1
4159,0
4160,1
4161,0
4162,0
4163,0
4164,1
4165,0
4166,1
4167,0
4168,1
4169,0
4170,0
4171,0
4172,0
4173,0
4174,1
4175,0
4176,0
4177,0
4178,1
4179,0
4180,1
4181,0
4182,1
4183,0
4184,1
4185,0
4186,1
4187,1
4188,1
4189,0
4190,1
4191,1
4192,0
4193,0
4194,1
4195,0
4196,1
4197,1
4198,0
4199,0
4200,0
4201,0
4202,0
4203,1
4204,0
4205,0
4206,0
4207,0
4208,1
4209,0
4210,1
4211,1
4212,0
4213,0
4214,1
4215,1
4216,0
4217,0
4218,0
4219,0
4220,1
4221,0
4222,0
4223,1
4224,0
4225,1
4226,1
4227,1
4228,0
4229,1
4230,1
4231,1
4232,1
4233,0
4234,1
4235,1
4236,0
4237,1
4238,0
4239,0
4240,1
4241,1
4242,1
4243,0
4244,0
4245,1
4246,1
4247,0
4248,0
4249,1
4250,0
4251,0
4252,1
4253,0
4254,1
4255,0
4256,0
4257,0
4258,0
4259,1
4260,1
4261,0
4262,1
4263,0
4264,1
4265,0
4266,0
4267,1
4268,0
4269,0
4270,0
4271,1
4272,0
4273,1
4274,0
4275,0
4276,0
4277,1
4278,1
4279,1
4280,0
4281,1
4282,0
4283,1
4284,0
4285,0
4286,1
4287,1
4288,0
4289,1
4290,0
4291,1
4292,1
4293,1
4294,1
4295,0
4296,0
4297,1
4298,1
4299,0
4300,1
4301,1
4302,0
4303,1
4304,0
4305,0
4306,0
4307,1
4308,1
4309,1
4310,1
4311,0
4312,0
4313,0
4314,0
4315,0
4316,0
4317,1
4318,1
4319,1
4320,1
4321,0
4322,1
4323,1
4324,1
4325,1
4326,1
4327,0
4328,0
4329,0
4330,0
4331,1
4332,0
4333,0
4334,0
4335,1
4336,1
4337,1
4338,1
4339,0
4340,0
4341,0
4342,1
4343,1
4344,1
4345,0
4346,0
4347,0
4348,0
4349,0
4350,0
4351,1
4352,0
4353,0
4354,1
4355,0
4356,0
4357,0
4358,1
4359,1
4360,1
4361,0
4362,1
4363,1
4364,1
4365,1
4366,1
4367,0
4368,1
4369,1
4370,1
4371,1
4372,1
4373,0
4374,1
4375,0
4376,0
4377,1
4378,0
4379,0
4380,0
4381,1
4382,0
4383,0
4384,1
4385,0
4386,1
4387,1
4388,0
4389,1
4390,0
4391,0
4392,0
4393,1
4394,0
4395,0
4396,0
4397,0
4398,0
4399,1
4400,0
4401,1
4402,1
4403,1
4404,0
4405,1
4406,0
4407,0
4408,1
4409,1
4410,1
4411,1
4412,1
4413,0
4414,0
4415,1
4416,1
4417,1
4418,1
4419,1
4420,0
4421,1
4422,1
4423,0
4424,0
4425,0
4426,0
4427,1
4428,0
4429,0
4430,1
4431,0
4432,0
4433,0
4434,1
4435,1
4436,0
4437,0
4438,1
4439,1
4440,0
4441,0
4442,1
4443,0
4444,0
4445,0
4446,1
4447,0
4448,1
4449,0
4450,1
4451,0
4452,1
4453,1
4454,0
4455,0
4456,1
4457,1
4458,1
4459,1
4460,1
4461,1
4462,0
4463,0
4464,0
4465,0
4466,1
4467,1
4468,0
4469,0
4470,0
4471,0
4472,1
4473,0
4474,0
4475,0
4476,0
4477,0
4478,1
4479,0
4480,1
4481,0
4482,0
4483,0
4484,0
4485,1
4486,0
4487,1
4488,0
4489,1
4490,1
4491,0
4492,1
4493,0
4494,0
4495,1
4496,1
4497,1
4498,1
4499,1
4500,1
4501,0
4502,0
4503,0
4504,0
4505,0
4506,1
4507,0
4508,1
4509,1
4510,1
4511,0
4512,0
4513,1
4514,0
4515,1
4516,0
4517,0
4518,1
4519,0
4520,0
4521,1
4522,0
4523,1
4524,1
4525,1
4526,0
4527,1
4528,0
4529,0
4530,1
4531,0
4532,1
4533,1
4534,1
4535,1
4536,1
4537,0
4538,0
4539,1
4540,0
4541,0
4542,1
4543,0
4544,1
4545,1
4546,0
4547,0
4548,0
4549,0
4550,0
4551,1
4552,0
4553,0
4554,1
4555,0
4556,0
4557,0
4558,0
4559,0
4560,1
4561,1
4562,0
4563,1
4564,0
4565,0
4566,0
4567,0
4568,1
4569,1
4570,0
4571,0
4572,1
4573,0
4574,0
4575,0
4576,1
4577,1
4578,0
4579,0
4580,0
4581,1
4582,0
4583,0
4584,1
4585,0
4586,0
4587,1
4588,1
4589,0
4590,1
4591,0
4592,0
4593,0
4594,1
4595,0
4596,1
4597,0
4598,0
4599,0
4600,0
4601,1
4602,1
4603,0
4604,0
4605,1
4606,0
4607,0
4608,1
4609,0
4610,0
4611,0
4612,1
4613,1
4614,1
4615,0
4616,1
4617,0
4618,0
4619,1
4620,0
4621,0
4622,0
4623,0
4624,0
4625,1
4626,0
4627,0
4628,0
4629,0
4630,0
4631,1
4632,0
4633,0
4634,1
4635,0
4636,0
4637,1
4638,0
4639,1
4640,0
4641,0
4642,0
4643,1
4644,1
4645,0
4646,0
4647,1
4648,1
4649,0
4650,0
4651,1
4652,1
4653,0
4654,0
4655,1
4656,1
4657,1
4658,0
4659,0
4660,0
4661,0
4662,0
4663,1
4664,0
4665,0
4666,1
4667,0
4668,0
4669,1
4670,0
4671,1
4672,0
4673,0
4674,0
4675,1
4676,1
4677,0
4678,1
4679,0
4680,1
4681,0
4682,0
4683,1
4684,1
4685,0
4686,0
4687,0
4688,1
4689,0
4690,1
4691,0
4692,0
4693,0
4694,1
4695,1
4696,0
4697,0
4698,1
4699,0
4700,0
4701,0
4702,1
4703,0
4704,1
4705,1
4706,1
4707,0
4708,1
4709,0
4710,1
4711,0
4712,0
4713,0
4714,1
4715,0
4716,1
4717,1
4718,1
4719,1
4720,0
4721,1
4722,0
4723,0
4724,1
4725,0
4726,0
4727,1
4728,1
4729,1
4730,0
4731,0
4732,1
4733,0
4734,1
4735,1
4736,1
4737,1
4738,0
4739,0
4740,1
4741,1
4742,0
4743,1
4744,0
4745,0
4746,1
4747,1
4748,0
4749,0
4750,1
4751,0
4752,0
4753,0
4754,1
4755,0
4756,1
4757,1
4758,0
4759,0
4760,1
4761,1
4762,0
4763,1
4764,0
4765,1
4766,0
4767,0
4768,1
4769,0
4770,1
4771,1
4772,0
4773,0
4774,1
4775,0
4776,1
4777,1
4778,1
4779,1
4780,0
4781,1
4782,1
4783,1
4784,0
4785,1
4786,0
4787,0
4788,1
4789,1
4790,0
4791,0
4792,1
4793,0
4794,0
4795,0
4796,0
4797,1
4798,1
4799,1
4800,0
4801,1
4802,1
4803,0
4804,1
4805,1
4806,1
4807,0
4808,0
4809,0
4810,0
4811,1
4812,1
4813,1
4814,1
4815,1
4816,1
4817,1
4818,1
4819,1
4820,0
4821,0
4822,1
4823,0
4824,0
4825,1
4826,1
4827,0
4828,0
4829,0
4830,1
4831,1
4832,1
4833,1
4834,0
4835,0
4836,1
4837,1
4838,0
4839,1
4840,1
4841,0
4842,1
4843,1
4844,1
4845,0
4846,1
4847,1
4848,1
4849,1
4850,1
4851,0
4852,1
4853,0
4854,1
4855,0
4856,0
4857,1
4858,1
4859,0
4860,1
4861,1
4862,1
4863,1
4864,1
4865,1
4866,1
4867,0
4868,0
4869,1
4870,1
4871,1
4872,0
4873,0
4874,1
4875,0
4876,1
4877,0
4878,1
4879,0
4880,1
4881,1
4882,1
4883,0
4884,1
4885,1
4886,0
4887,0
4888,1
4889,1
4890,0
4891,0
4892,0
4893,1
4894,0
4895,0
4896,0
4897,1
4898,1
4899,0
4900,1
4901,1
4902,0
4903,0
4904,0
4905,1
4906,0
4907,1
4908,1
4909,0
4910,1
4911,0
4912,1
4913,1
4914,0
4915,0
4916,1
4917,0
4918,0
4919,0
4920,1
4921,0
4922,0
4923,0
4924,0
4925,0
4926,1
4927,1
4928,1
4929,0
4930,0
4931,1
4932,0
4933,1
4934,0
4935,1
4936,1
4937,1
4938,1
4939,0
4940,0
4941,1
4942,0
4943,0
4944,1
4945,0
4946,0
4947,0
4948,1
4949,0
4950,0
4951,1
4952,1
4953,1
4954,0
4955,1
4956,1
4957,1
4958,1
4959,0
4960,0
4961,0
4962,0
4963,1
4964,1
4965,0
4966,0
4967,1
4968,1
4969,0
4970,1
4971,1
4972,0
4973,1
4974,0
4975,0
4976,0
4977,0
4978,1
4979,0
4980,1
4981,1
4982,0
4983,0
4984,0
4985,1
4986,1
4987,0
4988,1
4989,1
4990,1
4991,0
4992,0
4993,0
4994,1
4995,0
4996,0
4997,0
4998,0
4999,0
